{
    "$schema": "https://schema.management.azure.com/schemas/2015-01-01/deploymentParameters.json#",
    "contentVersion": "1.0.0.0",
    "parameters": {
        "name": {
            "value": "ddaritest-apimanagemant"
        },
        "location": {
            "value": "centralus"
        },
        "adminEmail": {
            "value": "ddari@softserveinc.com"
        },
        "orgName": {
            "value": "softserve"
        },
        "tier": {
            "value": "Developer"
        },
        "capacity": {
            "value": 1
        },
        "APIname": {
            "value": "ddaritest-api-app"
        },
        "APIhostingPlanName": {
            "value": "ddaritest-api-plan"
        },
        "APIalwaysOn": {
            "value": false
        },
        "APIsku": {
            "value": "Basic"
        },
        "APIskuCode": {
            "value": "B1"
        },
        "APIworkerSize": {
            "value": "0"
        },
        "APIworkerSizeId": {
            "value": "0"
        },
        "APInumberOfWorkers": {
            "value": "1"
        },
        "APIcurrentStack": {
            "value": "dotnet"
        },
        "APInetFrameworkVersion": {
            "value": "v4.0"
        },
        "TMname": {
            "value": "ddaritest-TM"
        },
        "TMrelativeName": {
            "value": "ddaritest-TM"
        },
        "TMtrafficRoutingMethod": {
            "value": "Performance"
        },
        "TMmaxReturn": {
            "value": 0
        },
        "TMExternalEndpointname": {
            "value": "API"
        },
        "TMuniqueDnsName": {
            "value": "ddaritest-apimanagemant.azure-api.net"
        }
    }
}