{
    "$schema": "http://schema.management.azure.com/schemas/2014-04-01-preview/deploymentTemplate.json#",
    "contentVersion": "1.0.0.0",
    "parameters": {
        "name": {
            "type": "string"
        },
        "location": {
            "type": "string"
        },
        "adminEmail": {
            "type": "string"
        },
        "orgName": {
            "type": "string"
        },
        "tier": {
            "type": "string"
        },
        "capacity": {
            "type": "int"
        },
        "APIname": {
            "type": "string"
        },
        "APIhostingPlanName": {
            "type": "string"
        },
        "APIalwaysOn": {
            "type": "bool"
        },
        "APIsku": {
            "type": "string"
        },
        "APIskuCode": {
            "type": "string"
        },
        "APIworkerSize": {
            "type": "string"
        },
        "APIworkerSizeId": {
            "type": "string"
        },
        "APInumberOfWorkers": {
            "type": "string"
        },
        "APIcurrentStack": {
            "type": "string"
        },
        "APInetFrameworkVersion": {
            "type": "string"
        },
        "TMname": {
            "type": "string"
        },
        "TMrelativeName": {
            "type": "string"
        },
        "TMtrafficRoutingMethod": {
            "type": "string",
            "defaultValue": "Performance",
            "allowedValues": [
                "Performance",
                "Weighted",
                "Priority",
                "Geographic",
                "MultiValue",
                "Subnet"
            ]
        },
        "TMmaxReturn": {
            "type": "int"
        },
        "TMExternalEndpointname" : {
            "type" : "string"
        },
        "TMuniqueDnsName" : {
            "type" : "string"
        }
    },
    "resources": [
        {
            "apiVersion": "2019-01-01",
            "name": "[parameters('name')]",
            "location": "[parameters('location')]",
            "type": "Microsoft.ApiManagement/service",
            "sku": {
                "name": "[parameters('tier')]",
                "capacity": "[parameters('capacity')]"
            },
            "properties": {
                "publisherEmail": "[parameters('adminEmail')]",
                "publisherName": "[parameters('orgName')]"
            }
        },
        {
            "apiVersion": "2018-02-01",
            "name": "[parameters('APIhostingPlanName')]",
            "type": "Microsoft.Web/serverfarms",
            "location": "[parameters('location')]",
            "kind": "",
            "tags": {},
            "dependsOn": [],
            "properties": {
                "name": "[parameters('APIhostingPlanName')]",
                "workerSize": "[parameters('APIworkerSize')]",
                "workerSizeId": "[parameters('APIworkerSizeId')]",
                "numberOfWorkers": "[parameters('APInumberOfWorkers')]"
            },
            "sku": {
                "Tier": "[parameters('APIsku')]",
                "Name": "[parameters('APIskuCode')]"
            }
        },
        {
            "apiVersion": "2016-08-01",
            "name": "[parameters('APIname')]",
            "type": "Microsoft.Web/sites",
            "location": "[parameters('location')]",
            "tags": {},
            "dependsOn": [
                "microsoft.insights/components/ddaritestapp-ins",
                "[concat('Microsoft.Web/serverfarms/', parameters('APIhostingPlanName'))]"
            ],
            "properties": {
                "name": "[parameters('APIname')]",
                "siteConfig": {
                    "ipSecurityRestrictions": [
                        {
                            "ipAddress": "[reference(parameters('name')).publicIPAddresses[0]]",
                            "action": "Allow",
                            "tag": "Default",
                            "priority": 100,
                            "name": "APIManagemant"
                        }
                    ],
                    "appSettings": [
                        {
                            "name": "APPINSIGHTS_INSTRUMENTATIONKEY",
                            "value": "[reference('microsoft.insights/components/ddaritestapp-ins', '2015-05-01').InstrumentationKey]"
                        },
                        {
                            "name": "ApplicationInsightsAgent_EXTENSION_VERSION",
                            "value": "~2"
                        },
                        {
                            "name": "XDT_MicrosoftApplicationInsights_Mode",
                            "value": "default"
                        },
                        {
                            "name": "DiagnosticServices_EXTENSION_VERSION",
                            "value": "disabled"
                        },
                        {
                            "name": "APPINSIGHTS_PROFILERFEATURE_VERSION",
                            "value": "disabled"
                        },
                        {
                            "name": "APPINSIGHTS_SNAPSHOTFEATURE_VERSION",
                            "value": "disabled"
                        },
                        {
                            "name": "InstrumentationEngine_EXTENSION_VERSION",
                            "value": "disabled"
                        },
                        {
                            "name": "SnapshotDebugger_EXTENSION_VERSION",
                            "value": "disabled"
                        },
                        {
                            "name": "XDT_MicrosoftApplicationInsights_BaseExtensions",
                            "value": "disabled"
                        }
                    ],
                    "metadata": [
                        {
                            "name": "CURRENT_STACK",
                            "value": "[parameters('APIcurrentStack')]"
                        }
                    ],
                    "netFrameworkVersion": "[parameters('APInetFrameworkVersion')]",
                    "alwaysOn": "[parameters('APIalwaysOn')]"
                },
                "serverFarmId": "[resourceId('Microsoft.Web/serverfarms/', parameters('APIhostingPlanName'))]",
                "clientAffinityEnabled": true
            }
        },
        {
            "apiVersion": "2015-05-01",
            "name": "ddaritestapp-ins",
            "type": "microsoft.insights/components",
            "location": "centralus",
            "tags": {},
            "properties": {
                "ApplicationId": "[parameters('APIname')]",
                "Request_Source": "IbizaWebAppExtensionCreate"
            }
        },
        {
            "apiVersion": "2018-04-01",
            "type": "Microsoft.Network/trafficmanagerprofiles",
            "name": "[parameters('TMname')]",
            "location": "global",
            "properties": {
                "trafficRoutingMethod": "[parameters('TMtrafficRoutingMethod')]",
                "maxReturn": "[parameters('TMmaxReturn')]",
                "dnsConfig": {
                    "relativeName": "[parameters('TMrelativeName')]",
                    "ttl": "60"
                },
                "monitorConfig": {
                    "protocol": "http",
                    "port": "80",
                    "path": "/"
                },
                "endpoints": [
                    {
                        "name": "[parameters('TMExternalEndpointname')]",
                        "type": "Microsoft.Network/TrafficManagerProfiles/ExternalEndpoints",
                        "properties": {
                            "target": "[parameters('TMuniqueDnsName')]",
                            "endpointStatus": "Enabled",
                            "endpointLocation": "northeurope"
                        }
                    }
                ]
            }
        }
    ]
}