{
    "$schema": "https://schema.management.azure.com/schemas/2015-01-01/deploymentParameters.json#",
    "contentVersion": "1.0.0.0",
    "parameters": {
        "name": {
            "value": "ddaritest-webapp"
        },
        "location": {
            "value": "Central US"
        },
        "hostingPlanName": {
            "value": "ddaritest-webapp-plan"
        },
        "alwaysOn": {
            "value": false
        },
        "sku": {
            "value": "Basic"
        },
        "skuCode": {
            "value": "B1"
        },
        "workerSize": {
            "value": "0"
        },
        "workerSizeId": {
            "value": "0"
        },
        "numberOfWorkers": {
            "value": "1"
        },
        "currentStack": {
            "value": "dotnet"
        },
        "netFrameworkVersion": {
            "value": "v4.0"
        }
    }
}